City_Name,Deliveries,Avg_Delivery_Min,Median_Delivery_Min,On_Time_Rate,Avg_Rating,Avg_Distance_KM
Agra,42,27.05,27.0,76.19,4.64,8.11
Allahabad,43,28.95,29.0,62.79,4.68,12.56
Aurangabad,39,28.31,27.0,66.67,4.63,9.54
Bengaluru,170,25.61,25.0,75.29,4.62,9.84
Bhopal,39,28.67,30.0,51.28,4.59,9.4
Chennai,177,25.73,26.0,76.27,4.61,9.5
Coimbatore,164,26.07,25.0,70.73,4.6,9.82
Dehradun,44,27.66,27.0,63.64,4.55,11.52
Goa,34,22.24,20.0,82.35,4.68,8.57
Hyderabad,164,25.76,24.5,71.95,4.65,9.06
Indore,168,26.95,26.0,67.86,4.62,9.16
Jaipur,163,27.37,27.0,65.03,4.67,10.98
Kanpur,30,24.1,24.0,83.33,4.71,9.16
Kochi,37,26.95,24.0,70.27,4.64,12.1
Kolkata,37,25.81,25.0,67.57,4.6,8.92
Ludhiana,44,26.84,27.5,65.91,4.63,10.18
Mumbai,187,25.65,24.0,74.33,4.62,9.77
Mysuru,184,25.73,25.0,70.65,4.6,10.17
Pune,164,27.46,27.0,66.46,4.64,10.24
Ranchi,186,27.25,26.0,69.89,4.66,9.94
Surat,174,26.75,26.0,69.54,4.63,9.65
Vadodara,151,27.03,26.0,67.55,4.65,9.74
